code_wilaya,wilaya,commune
1,ADRAR,ADRAR
1,ADRAR,TAMEST
1,ADRAR,CHAROUINE
1,ADRAR,REGGANE
1,ADRAR,IN-ZGHMIR
1,ADRAR,TIT
1,ADRAR,KSAR KADDOUR
1,ADRAR,TSABIT
1,ADRAR,TIMIMOUN
1,ADRAR,OULED SAID
1,ADRAR,ZAOUIET KOUNTA
1,ADRAR,AOULEF
1,ADRAR,TIMEKTEN
1,ADRAR,TAMANTIT
1,ADRAR,FENOUGHIL
1,ADRAR,TINERKOUK
1,ADRAR,DELDOUL
1,ADRAR,SALI
1,ADRAR,AKABLI
1,ADRAR,METARFA
1,ADRAR,OULED AHMED
1,ADRAR,BOUDA
1,ADRAR,AOUGROUT
1,ADRAR,TALMINE
1,ADRAR,BORDJ BAJI MOKHTAR
1,ADRAR,SEBAA
1,ADRAR,OULED AISSA
1,ADRAR,TIMIAOUINE
1,ADRAR,TIMMI
2,CHLEF,CHLEF
2,CHLEF,TENES
2,CHLEF,BENAIRIA
2,CHLEF,EL KARIMIA
2,CHLEF,TADJENA
2,CHLEF,TAOUGRITE
2,CHLEF,BENI HAOUA
2,CHLEF,SOBHA
2,CHLEF,HARCHOUN
2,CHLEF,OULED FARES
2,CHLEF,SIDI AKKACHA
2,CHLEF,BOUKADIR
2,CHLEF,BENI RACHED
2,CHLEF,TALASSA
2,CHLEF,HERENFA
2,CHLEF,OUED GOUSSINE
2,CHLEF,DAHRA
2,CHLEF,OULED ABBES
2,CHLEF,SENDJAS
2,CHLEF,ZEBOUDJA
2,CHLEF,OUED SLY
2,CHLEF,ABOU EL HASSAN
2,CHLEF,EL MARSA
2,CHLEF,CHETTIA
2,CHLEF,SIDI ABDERRAHMANE
2,CHLEF,MOUSSADEK
2,CHLEF,EL HADJADJ
2,CHLEF,LABIOD
2,CHLEF,OUED FODDA
2,CHLEF,OULED B ABDELKADER
2,CHLEF,BOUZEGHAIA
2,CHLEF,AIN MERANE
2,CHLEF,OUM DROU
2,CHLEF,BREIRA
2,CHLEF,BENI BOUATEB
2,CHLEF,MEDJADJA
3,LAGHOUAT,LAGHOUAT
3,LAGHOUAT,KSAR EL HIRANE
3,LAGHOUAT,BENACER BEN CHOHRA
3,LAGHOUAT,SIDI MAKHLOUF
3,LAGHOUAT,HASSI DELAA
3,LAGHOUAT,HASSI R'MEL
3,LAGHOUAT,AIN MADHI
3,LAGHOUAT,TADJEMOUT
3,LAGHOUAT,KHENEG
3,LAGHOUAT,GUELTAT SIDI SAAD
3,LAGHOUAT,AIN SIDI ALI
3,LAGHOUAT,BEIDHA
3,LAGHOUAT,BRIDA
3,LAGHOUAT,EL GHICHA
3,LAGHOUAT,HADJ MECHRI
3,LAGHOUAT,SEBGAG
3,LAGHOUAT,TAOUIALA
3,LAGHOUAT,TADJROUNA
3,LAGHOUAT,AFLOU
3,LAGHOUAT,EL ASSAFIA
3,LAGHOUAT,OUED MORRA
3,LAGHOUAT,OUED M'ZI
3,LAGHOUAT,EL HAOUAITA
3,LAGHOUAT,SIDI BOUZID
4,OUM EL BOUAGHI,OUM EL BOUAGHI
4,OUM EL BOUAGHI,AIN BEIDA
4,OUM EL BOUAGHI,AIN M'LILA
4,OUM EL BOUAGHI,EL AMIRIA
4,OUM EL BOUAGHI,EL AMIRIA
4,OUM EL BOUAGHI,SEGOUS
4,OUM EL BOUAGHI,EL BELALA
4,OUM EL BOUAGHI,AIN BABOUCHE
4,OUM EL BOUAGHI,BERRICHE
4,OUM EL BOUAGHI,OULED HAMLA
4,OUM EL BOUAGHI,DHALA
4,OUM EL BOUAGHI,AIN KERCHA
4,OUM EL BOUAGHI,HANCHIR TOUMGHALI
4,OUM EL BOUAGHI,EL DJAZIA
4,OUM EL BOUAGHI,AIN DISS
4,OUM EL BOUAGHI,FKIRINA
4,OUM EL BOUAGHI,SOUK NAAMANE
4,OUM EL BOUAGHI,ZORG
4,OUM EL BOUAGHI,EL FEDJOUDJ B S
4,OUM EL BOUAGHI,OULED ZOUAI
4,OUM EL BOUAGHI,BIR CHOUHADA
4,OUM EL BOUAGHI,KSAR SBAHI
4,OUM EL BOUAGHI,OUED NINNI
4,OUM EL BOUAGHI,MESKIANA
4,OUM EL BOUAGHI,AIN FAKROUN
4,OUM EL BOUAGHI,RAHIA
4,OUM EL BOUAGHI,AIN ZITOUN
4,OUM EL BOUAGHI,OULED GACEM
4,OUM EL BOUAGHI,EL HARMILIA
5,BATNA,BATNA
5,BATNA,GHASSIRA
5,BATNA,MAAFA
5,BATNA,MEROUANA
5,BATNA,SERIANA
5,BATNA,MENAA
5,BATNA,EL MADHER
5,BATNA,TAZOULT
5,BATNA,N'GAOUS
5,BATNA,GUIGBA
5,BATNA,INOUGHISSEN
5,BATNA,OUYOUN EL ASSAFIR
5,BATNA,DJERMA
5,BATNA,BITAM
5,BATNA,METKAOUAK
5,BATNA,ARRIS
5,BATNA,KIMMEL
5,BATNA,TILATOU
5,BATNA,AIN DJASSER
5,BATNA,OULED SELLAM
5,BATNA,TIGHERGHAR
5,BATNA,AIN YAGOUT
5,BATNA,FESDIS
5,BATNA,SEFIANE
5,BATNA,RAHBAT
5,BATNA,TIGHANIMINE
5,BATNA,LEMSANE
5,BATNA,KSAR BELLEZMA
5,BATNA,REGGANA
5,BATNA,ICHMOUL
5,BATNA,FOUM TOUB
5,BATNA,BENI FOUDHALA E H
5,BATNA,OUED EL MA
5,BATNA,TALKHAMT
5,BATNA,BOUZINA
5,BATNA,CHEMORA
5,BATNA,OUED CHAABA
5,BATNA,TAXLENT
5,BATNA,GOSBAT
5,BATNA,OULED AOUF
5,BATNA,BOUMAGUEUR
5,BATNA,BARIKA
5,BATNA,DJEZZAR
5,BATNA,T'KOUTT
5,BATNA,AIN TOUTA
5,BATNA,HIDOUSSA
5,BATNA,TENIET EL ABED
5,BATNA,OUED TAGA
5,BATNA,OULED FADEL
5,BATNA,TIMGAD
5,BATNA,RAS EL AIOUN
5,BATNA,CHIR
5,BATNA,OULED SI SLIMANE
5,BATNA,ZANAT EL BEIDA
5,BATNA,AMDOUKAL
5,BATNA,OULED AMMAR
5,BATNA,EL HASSI
5,BATNA,LAZROU
5,BATNA,BOUMIA
5,BATNA,BOULHILAT
5,BATNA,LARBAA
6,BEJAIA,BEJAIA
6,BEJAIA,AMIZOUR
6,BEJAIA,FERRAOUN
6,BEJAIA,TAOURIRT IGHIL
6,BEJAIA,CHELATA
6,BEJAIA,TAMOKRA
6,BEJAIA,TIMZRIT
6,BEJAIA,SOUK EL THENINE
6,BEJAIA,M'CISNA
6,BEJAIA,THINABDHER
6,BEJAIA,TICHI
6,BEJAIA,SEMAOUN
6,BEJAIA,KENDIRA
6,BEJAIA,TIFRA
6,BEJAIA,IGHRAM
6,BEJAIA,AMALOU
6,BEJAIA,IGHIL ALI
6,BEJAIA,FENAIA ILMATHEN
6,BEJAIA,TOUDJA
6,BEJAIA,DARGUINA
6,BEJAIA,SIDI AYAD
6,BEJAIA,AOKAS
6,BEJAIA,BENI DJELLIL
6,BEJAIA,ADEKAR
6,BEJAIA,AKBOU
6,BEJAIA,SEDDOUK
6,BEJAIA,TAZMALT
6,BEJAIA,AIT RIZINE
6,BEJAIA,CHEMINI
6,BEJAIA,SOUK OUFELLA
6,BEJAIA,TASKRIOUT
6,BEJAIA,TIBANE
6,BEJAIA,THALA HAMZA
6,BEJAIA,BARBACHA
6,BEJAIA,BENI KSILA
6,BEJAIA,OUZALLAGUEN
6,BEJAIA,BOUHAMZA
6,BEJAIA,BENI MELIKECHE
6,BEJAIA,SIDI AICH
6,BEJAIA,EL KSEUR
6,BEJAIA,MELBOU
6,BEJAIA,AKFADOU
6,BEJAIA,ELFLAYE
6,BEJAIA,KHERRATA
6,BEJAIA,DRAA KAID
6,BEJAIA,TAMRIDJET
6,BEJAIA,AIT SMAIL
6,BEJAIA,BOUKHELIFA
6,BEJAIA,TIZI N'BERBER
6,BEJAIA,BENI MAOUCH
6,BEJAIA,OUED GHIR
6,BEJAIA,BOUDJELLIL
7,BISKRA,BISKRA
7,BISKRA,OUMACHE
7,BISKRA,BRANIS
7,BISKRA,CHETMA
7,BISKRA,OULED DJELLAL
7,BISKRA,RAS EL MIAAD
7,BISKRA,BESBES
7,BISKRA,SIDI KHALED
7,BISKRA,DOUCEN
7,BISKRA,ECH-CHAIBA
7,BISKRA,SIDI OKBA
7,BISKRA,M'CHOUNECHE
7,BISKRA,EL HAOUCH
7,BISKRA,AIN NAGA
7,BISKRA,ZERIBET EL OUED
7,BISKRA,EL FEIDH
7,BISKRA,EL KANTARA
7,BISKRA,AIN ZAATOUT
7,BISKRA,LOUTAYA
7,BISKRA,DJEMORAH
7,BISKRA,TOLGA
7,BISKRA,LIOUA
7,BISKRA,LICHANA
7,BISKRA,OURLAL
7,BISKRA,M'LILI
7,BISKRA,FOUGHALA
7,BISKRA,BORDJ BEN AZZOUZ
7,BISKRA,MEZIRAA
7,BISKRA,BOUCHAGROUN
7,BISKRA,MEKHADMA
7,BISKRA,EL GHROUS
7,BISKRA,EL HADJAB
7,BISKRA,KHANGUET SIDINADJI
8,BECHAR,BECHAR
8,BECHAR,ERG FERRADJ
8,BECHAR,OULED KHOUDHIR
8,BECHAR,MERIDJA
8,BECHAR,MERIDJA
8,BECHAR,LAHMAR
8,BECHAR,BENI ABBES
8,BECHAR,BENI IKHLEF
8,BECHAR,MECHRAA HOUARI B
8,BECHAR,EL KENEDSA
8,BECHAR,IGLI
8,BECHAR,TABALBALA
8,BECHAR,TAGHIT
8,BECHAR,EL OUATA
8,BECHAR,BOUKAIS
8,BECHAR,MOGHEUL
8,BECHAR,ABADLA
8,BECHAR,KERZAZ
8,BECHAR,KSABI
8,BECHAR,TAMTERT
8,BECHAR,BENI OUNIF
9,BLIDA,BLIDA
9,BLIDA,CHEBLI
9,BLIDA,BOUINAN
9,BLIDA,OUED EL ALLEUG
9,BLIDA,OULED YAICH
9,BLIDA,CHREA
9,BLIDA,EL AFFROUN
9,BLIDA,CHIFFA
9,BLIDA,HAMMAM MELOUANE
9,BLIDA,BEN KHLIL
9,BLIDA,SOUMAA
9,BLIDA,MOUZAIA
9,BLIDA,SOUHANE
9,BLIDA,MEFTAH
9,BLIDA,OULED SELAMA
9,BLIDA,BOUFARIK
9,BLIDA,LARBAA
9,BLIDA,OUED DJER
9,BLIDA,BENI TAMOU
9,BLIDA,BOUARFA
9,BLIDA,BENI MERED
9,BLIDA,BOUGARA
9,BLIDA,GUERROUAOU
9,BLIDA,AIN ROMANA
9,BLIDA,EL DJEBABIRA
10,BOUIRA,BOUIRA
10,BOUIRA,EL ASNAM
10,BOUIRA,GUERROUMA
10,BOUIRA,SOUK EL KHEMIS
10,BOUIRA,KADIRIA
10,BOUIRA,AHNIF
10,BOUIRA,DIRAH
10,BOUIRA,AIT LAAZIZ
10,BOUIRA,TAGHZOUT
10,BOUIRA,RAOURAOUA
10,BOUIRA,MEZDOUR
10,BOUIRA,HAIZER
10,BOUIRA,LAKHDARIA
10,BOUIRA,MAALA
10,BOUIRA,EL HACHIMIA
10,BOUIRA,AOMAR
10,BOUIRA,CHORFA
10,BOUIRA,BORDJ OUKHRISS
10,BOUIRA,EL ADJIBA
10,BOUIRA,EL-HAKIMIA
10,BOUIRA,EL KHEBOUZIA
10,BOUIRA,AHL EL KSAR
10,BOUIRA,BOUDERBALA
10,BOUIRA,ZBARBAR
10,BOUIRA,AIN EL HADJAR
10,BOUIRA,DJEBAHIA
10,BOUIRA,AGHBALOU
10,BOUIRA,TAGUEDIT
10,BOUIRA,AIN TURK
10,BOUIRA,SAHARIDJ
10,BOUIRA,DECHMIA
10,BOUIRA,RIDANE
10,BOUIRA,BECHLOUL
10,BOUIRA,BOUKRAM
10,BOUIRA,AIN BESSAM
10,BOUIRA,BIR GHBALOU
10,BOUIRA,M'CHEDALLAH
10,BOUIRA,SOUR EL GHOZLANE
10,BOUIRA,MAAMORA
10,BOUIRA,OULED RACHED
10,BOUIRA,AIN LAALOUI
10,BOUIRA,EL HADJRA ZERGA
10,BOUIRA,ATH MANSOUR
10,BOUIRA,EL MOKRANI
10,BOUIRA,OUED EL BERDI
11,TAMANRASSET,TAMANRASSET
11,TAMANRASSET,ABALESSA
11,TAMANRASSET,IN GHAR
11,TAMANRASSET,IN GUEZZAM
11,TAMANRASSET,IDLES
11,TAMANRASSET,TAZROUK
11,TAMANRASSET,TINZAOUATINE
11,TAMANRASSET,IN SALAH
11,TAMANRASSET,IN AMGUEL
11,TAMANRASSET,FOGGARET EZZAOUIA
12,TEBESSA,TEBESSA
12,TEBESSA,BIR EL ATER
12,TEBESSA,CHERIAA
12,TEBESSA,STAH GUENTIS
12,TEBESSA,EL AOUINET
12,TEBESSA,LAHOUIDJBET
12,TEBESSA,SAFSAF EL OUESRA
12,TEBESSA,HAMMAMET
12,TEBESSA,NEGRINE
12,TEBESSA,BIR EL MOKADEM
12,TEBESSA,EL KOUIF
12,TEBESSA,MORSOTT
12,TEBESSA,EL OGLA
12,TEBESSA,BIR DHEHEB
12,TEBESSA,EL OGLA EL MALHA
12,TEBESSA,GORRIGUER
12,TEBESSA,BEKKARIA
12,TEBESSA,BOUKHADRA
12,TEBESSA,EL OUENZA
12,TEBESSA,ELMA LABIODH
12,TEBESSA,OUM ALI
12,TEBESSA,THLIDJENE
12,TEBESSA,AIN ZERGA
12,TEBESSA,EL MERIDJ
12,TEBESSA,BOULHAF DYR
12,TEBESSA,BEDJENE
12,TEBESSA,EL MAZERAA
12,TEBESSA,FERKANE
13,TLEMCEN,TLEMCEN
13,TLEMCEN,BENI MESTER
13,TLEMCEN,AIN TALLOUT
13,TLEMCEN,REMCHI
13,TLEMCEN,EL FEHOUL
13,TLEMCEN,SABRA
13,TLEMCEN,GHAZAOUET
13,TLEMCEN,SOUANI
13,TLEMCEN,DJEBALA
13,TLEMCEN,EL GOR
13,TLEMCEN,OUED CHOULY
13,TLEMCEN,AIN FEZZA
13,TLEMCEN,OULED MIMOUN
13,TLEMCEN,AMIEUR
13,TLEMCEN,AIN YOUCEF
13,TLEMCEN,ZENATA
13,TLEMCEN,BENI SNOUS
13,TLEMCEN,BAB EL ASSA
13,TLEMCEN,DAR YAGHMOURASSEN
13,TLEMCEN,FELLAOUSSEN
13,TLEMCEN,AZAILES
13,TLEMCEN,SEBBAA CHIOUKH
13,TLEMCEN,TERNI BENI HEDIEL
13,TLEMCEN,BENSEKRANE
13,TLEMCEN,AIN NEHALA
13,TLEMCEN,HENNAYA
13,TLEMCEN,MAGHNIA
13,TLEMCEN,HAMMAM BOUGHRARA
13,TLEMCEN,SOUAHLIA
13,TLEMCEN,MSIRDA FOUAGA
13,TLEMCEN,AIN FETAH
13,TLEMCEN,EL ARICHA
13,TLEMCEN,SOUK THLATA
13,TLEMCEN,SIDI ABDELLI
13,TLEMCEN,SEBDOU
13,TLEMCEN,BENI OUARSOUS
13,TLEMCEN,SIDI MEDJAHED
13,TLEMCEN,BENI BOUSSAID
13,TLEMCEN,MARSA BEN M'HIDI
13,TLEMCEN,NEDROMA
13,TLEMCEN,SIDI L'DJILLALI
13,TLEMCEN,BENI BAHDEL
13,TLEMCEN,EL BOUIHI
13,TLEMCEN,HONAINE
13,TLEMCEN,TIANET
13,TLEMCEN,OULED RIYAH
13,TLEMCEN,BOUHLOU
13,TLEMCEN,SOUK EL KHEMIS
13,TLEMCEN,AIN GHORABA
13,TLEMCEN,CHETOUANE
13,TLEMCEN,MANSOURAH
13,TLEMCEN,BENI SEMIEL
13,TLEMCEN,AIN EL KEBIRA
14,TIARET,TIARET
14,TIARET,MEDROUSSA
14,TIARET,AIN BOUCHEKIF
14,TIARET,SIDI ALI MELLAL
14,TIARET,AIN ZARIT
14,TIARET,AIN DEHEB
14,TIARET,SIDI BAKHTI
14,TIARET,MEDRISSA
14,TIARET,ZMALET E ABDELKADER
14,TIARET,MADNA
14,TIARET,SEBT
14,TIARET,MELLAKOU
14,TIARET,DAHMOUNI
14,TIARET,RAHOUIA
14,TIARET,MAHDIA
14,TIARET,SOUGUEUR
14,TIARET,SIDI ABDELGHANI
14,TIARET,AIN EL HADID
14,TIARET,ROSFA
14,TIARET,NAIMA
14,TIARET,MEGHILA
14,TIARET,GUERTOUFA
14,TIARET,SIDI HOSNI
14,TIARET,DJILLALI BEN AMAR
14,TIARET,SEBAINE
14,TIARET,TOUSNINA
14,TIARET,FRENDA
14,TIARET,AIN KERMES
14,TIARET,KSAR CHELLALA
14,TIARET,RECHAIGA
14,TIARET,NADORAH
14,TIARET,TAGDEMT
14,TIARET,OUED LILLI
14,TIARET,MECHRAA SAFA
14,TIARET,HAMADIA
14,TIARET,CHEHAIMA
14,TIARET,TAKHMART
14,TIARET,SIDI ABDERRAHMANE
14,TIARET,SERGHINE
14,TIARET,BOUGARA
14,TIARET,FAIDJA
14,TIARET,TIDDA
15,TIZI OUZOU,TIZI OUZOU
15,TIZI OUZOU,AIN EL HAMMAM
15,TIZI OUZOU,AKBIL
15,TIZI OUZOU,FREHA
15,TIZI OUZOU,SOUAMAA
15,TIZI OUZOU,MECHTRASS
15,TIZI OUZOU,IRDJEN
15,TIZI OUZOU,TIMIZART
15,TIZI OUZOU,MAKOUDA
15,TIZI OUZOU,DRAA EL MIZAN
15,TIZI OUZOU,TIZI GHENIF
15,TIZI OUZOU,BOUNOUH
15,TIZI OUZOU,AIT CHAFFAA
15,TIZI OUZOU,FRIKAT
15,TIZI OUZOU,BENI AISSI
15,TIZI OUZOU,BENI ZMENZER
15,TIZI OUZOU,IFERHOUNEN
15,TIZI OUZOU,AZAZGA
15,TIZI OUZOU,ILOULA OUMALOU
15,TIZI OUZOU,YAKOUREN
15,TIZI OUZOU,LARBA NATH IRATHEN
15,TIZI OUZOU,TIZI RACHED
15,TIZI OUZOU,ZEKRI
15,TIZI OUZOU,OUAGUENOUN
15,TIZI OUZOU,AIN ZAOUIA
15,TIZI OUZOU,M'KIRA
15,TIZI OUZOU,AIT YAHIA
15,TIZI OUZOU,AIT MAHMOUD
15,TIZI OUZOU,MAATKAS
15,TIZI OUZOU,AIT BOUMEHDI
15,TIZI OUZOU,ABI YOUCEF
15,TIZI OUZOU,BENI DOUALA
15,TIZI OUZOU,ILLILTEN
15,TIZI OUZOU,BOUZGUEN
15,TIZI OUZOU,AIT AGGOUACHA
15,TIZI OUZOU,OUADHIAS
15,TIZI OUZOU,AZZEFOUN
15,TIZI OUZOU,TIGZIRT
15,TIZI OUZOU,AIT AISSA MIMOUN
15,TIZI OUZOU,BOGHNI
15,TIZI OUZOU,IFIGHA
15,TIZI OUZOU,AIT OUMALOU
15,TIZI OUZOU,TIRMITINE
15,TIZI OUZOU,AKERROU
15,TIZI OUZOU,YATAFEN
15,TIZI OUZOU,BENI ZIKI
15,TIZI OUZOU,DRAA BEN KHEDDA
15,TIZI OUZOU,OUACIF
15,TIZI OUZOU,IDJEUR
15,TIZI OUZOU,MEKLAA
15,TIZI OUZOU,TIZI N'THLATA
15,TIZI OUZOU,BENI YENNI
15,TIZI OUZOU,AGHRIB
15,TIZI OUZOU,IFLISSEN
15,TIZI OUZOU,BOUDJIMA
15,TIZI OUZOU,AIT YAHIA MOUSSA
15,TIZI OUZOU,SOUK EL THENINE
15,TIZI OUZOU,AIT KHELIL
15,TIZI OUZOU,SIDI NAAMANE
15,TIZI OUZOU,IBOUDRAREN
15,TIZI OUZOU,AGHNI GOUGHRAN
15,TIZI OUZOU,MIZRANA
15,TIZI OUZOU,IMSOUHAL
15,TIZI OUZOU,TADMAIT
15,TIZI OUZOU,AIT BOUADOU
15,TIZI OUZOU,ASSI YOUCEF
15,TIZI OUZOU,AIT TOUDERT
16,ALGER,ALGER
16,ALGER,SIDI M'HAMED
16,ALGER,EL MADANIA
16,ALGER,MOHAMED BELOUIZDAD
16,ALGER,BAB EL OUED
16,ALGER,BOLOGHINE IBN ZIRI
16,ALGER,CASBAH
16,ALGER,OUED KORICHE
16,ALGER,BIR MOURAD RAIS
16,ALGER,EL BIAR
16,ALGER,BOUZAREAH
16,ALGER,BIRKHADEM
16,ALGER,EL HARRACH
16,ALGER,BARAKI
16,ALGER,OUED SMAR
16,ALGER,BOUROUBA
16,ALGER,HUSSEIN DEY
16,ALGER,KOUBA
16,ALGER,BACHEDJERAH
16,ALGER,DAR EL BEIDA
16,ALGER,BAB EZZOUAR
16,ALGER,BEN AKNOUN
16,ALGER,DELY IBRAHIM
16,ALGER,HAMMAMET
16,ALGER,RAIS HAMIDOU
16,ALGER,GUE DE CONSTANTINE
16,ALGER,EL MOURADIA
16,ALGER,HYDRA
16,ALGER,MOHAMMADIA
16,ALGER,BORDJ EL KIFFAN
16,ALGER,EL MAGHARIA
16,ALGER,BENI MESSOUS
16,ALGER,LES EUCALYPTUS
16,ALGER,BIRTOUTA
16,ALGER,TESSALA EL MERDJA
16,ALGER,OULED CHEBEL
16,ALGER,SIDI MOUSSA
16,ALGER,AIN TAYA
16,ALGER,BORDJ EL BAHRI
16,ALGER,MARSA
16,ALGER,HARAOUA
16,ALGER,ROUIBA
16,ALGER,REGHAIA
16,ALGER,AIN BENIAN
16,ALGER,STAOUELI
16,ALGER,ZERALDA
16,ALGER,MAHELMA
16,ALGER,RAHMANIA
16,ALGER,SOUIDANIA
16,ALGER,CHERAGA
16,ALGER,OULED FAYET
16,ALGER,EL ACHOUR
16,ALGER,DRARIA
16,ALGER,DOUERA
16,ALGER,BABA HASSEN
16,ALGER,KHRAICIA
16,ALGER,SAOULA
17,DJELFA,DJELFA
17,DJELFA,MOUADJEBAR
17,DJELFA,EL GUEDID
17,DJELFA,HASSI BAHBAH
17,DJELFA,AIN MAABED
17,DJELFA,SED RAHAL
17,DJELFA,FAIDH EL BOTMA
17,DJELFA,BIRINE
17,DJELFA,BOUIRA LAHDAB
17,DJELFA,ZACCAR
17,DJELFA,EL KHEMIS
17,DJELFA,SIDI BAIZID
17,DJELFA,M'LILIHA
17,DJELFA,EL IDRISSIA
17,DJELFA,DOUIS
17,DJELFA,HASSI EL EUCH
17,DJELFA,MESSAAD
17,DJELFA,GUETTARA
17,DJELFA,SIDI LADJEL
17,DJELFA,HAD SAHARY
17,DJELFA,GUERNINI
17,DJELFA,SELMANA
17,DJELFA,AIN CHOUHADA
17,DJELFA,OUM LAADHAM
17,DJELFA,DAR CHIOUKH
17,DJELFA,CHAREF
17,DJELFA,BENI YAGOUB
17,DJELFA,ZAAFRANE
17,DJELFA,DELDOUL
17,DJELFA,AIN EL IBEL
17,DJELFA,AIN OUSSERA
17,DJELFA,BENHAR
17,DJELFA,HASSI FEDOUL
17,DJELFA,AMOURAH
17,DJELFA,AIN FEKA
17,DJELFA,TADMIT
18,JIJEL,JIJEL
18,JIJEL,ERRAGUENE
18,JIJEL,EL AOUANA
18,JIJEL,ZIAMMA MANSOURIAH
18,JIJEL,TAHER
18,JIJEL,EL EMIR ABDELKADER
18,JIJEL,CHEKFA
18,JIJEL,CHAHNA
18,JIJEL,EL MILIA
18,JIJEL,SIDI MAAROUF
18,JIJEL,SETTARA
18,JIJEL,EL ANCER
18,JIJEL,SIDI ABDELAZIZ
18,JIJEL,KAOUS
18,JIJEL,GHEBALA
18,JIJEL,BOURAOUI BELHADEF
18,JIJEL,DJIMLA
18,JIJEL,SELMA BENZIADA
18,JIJEL,BOUSSIF O AKSEUR
18,JIJEL,EL KENNAR NOUCHFI
18,JIJEL,OULED YAHIA KHADROUCHE 
18,JIJEL,BOUDRIA BENI YADJIS
18,JIJEL,KEMIR OUED ADJOUL
18,JIJEL,TAXNA
18,JIJEL,DJEMAA BENI HABIBI
18,JIJEL,BORDJ TAHER
18,JIJEL,OULED RABAH
18,JIJEL,OUADJANA
19,SETIF,SETIF
19,SETIF,AIN EL KEBIRA
19,SETIF,BENI AZIZ
19,SETIF,OULED SIDI AHMED
19,SETIF,BOUTALEB
19,SETIF,AIN ROUA
19,SETIF,DRAA KEBILA
19,SETIF,BIR EL ARCH
19,SETIF,BENI CHEBANA
19,SETIF,OULED TEBBEN
19,SETIF,HAMMA
19,SETIF,MAAOUIA
19,SETIF,AIN LEGRAJ
19,SETIF,AIN ABASSA
19,SETIF,DEHAMCHA
19,SETIF,BABOR
19,SETIF,GUIDJEL
19,SETIF,AIN LAHDJAR
19,SETIF,BOUSSELAM
19,SETIF,EL EULMA
19,SETIF,DJEMILA
19,SETIF,BENI OUERTILANE
19,SETIF,ROSFA
19,SETIF,OULED ADDOUANE
19,SETIF,BELAA
19,SETIF,AIN ARNAT
19,SETIF,AMOUCHA
19,SETIF,AIN OULMANE
19,SETIF,BEIDHA BORDJ
19,SETIF,BOUANDAS
19,SETIF,BAZER SAKHRA
19,SETIF,HAMMAM ESSOKHNA
19,SETIF,MEZLOUG
19,SETIF,BIR HADDADA
19,SETIF,SERDJ EL GHOUL
19,SETIF,HARBIL
19,SETIF,EL OURISSIA
19,SETIF,TIZI N'BECHAR
19,SETIF,SALAH BEY
19,SETIF,AIN AZAL
19,SETIF,GUENZET
19,SETIF,TALA IFASSEN
19,SETIF,BOUGAA
19,SETIF,BENI FODHA
19,SETIF,TACHOUDA
19,SETIF,BENI MOHLI
19,SETIF,OULED SABER
19,SETIF,GUELLAL BOUTALEB
19,SETIF,AIN ESSEBT
19,SETIF,HAMMAM GUERGOUR
19,SETIF,AIT NAOUAL MEZADA
19,SETIF,KASR EL ABTAL
19,SETIF,BENI HOCINE
19,SETIF,AIT TIZI
19,SETIF,MAOUKLANE
19,SETIF,GUELTA ZERKA
19,SETIF,OUED EL BARAD
19,SETIF,TAYA
19,SETIF,EL OULDJA
19,SETIF,TELLA
20,SAIDA,SAIDA
20,SAIDA,DHAOUI THABET
20,SAIDA,AIN EL HADJER
20,SAIDA,OULED KHALED
20,SAIDA,MOULAY LAARBI
20,SAIDA,YOUB
20,SAIDA,HOUNET
20,SAIDA,SIDI AMAR
20,SAIDA,SIDI BOUBEKEUR
20,SAIDA,EL HASSASNA
20,SAIDA,EL MAAMORA
20,SAIDA,SIDI AHMED
20,SAIDA,AIN S'KHOUNA
20,SAIDA,OULED IBRAHIM
20,SAIDA,TIRCINE
20,SAIDA,AIN SOLTANE
21,SKIKDA,SKIKDA
21,SKIKDA,AIN ZOUIT
21,SKIKDA,EL HADAIK
21,SKIKDA,AZZABA
21,SKIKDA,DJENDEL SI MOHAMED
21,SKIKDA,AIN CHERCHAR
21,SKIKDA,BEKKOUCHE LAKHDAR
21,SKIKDA,BENI AZZOUZ
21,SKIKDA,ES-SEBT
21,SKIKDA,COLLO
21,SKIKDA,BENI ZID
21,SKIKDA,KERKARA
21,SKIKDA,OULED ATTIA
21,SKIKDA,OUED ZEHOUR
21,SKIKDA,ZITOUNA
21,SKIKDA,EL HARROUCH
21,SKIKDA,ZERDAZA
21,SKIKDA,OULED HEBABA
21,SKIKDA,SIDI MEZGHICHE
21,SKIKDA,EMDJEZ EDCHICH
21,SKIKDA,BENI OULBANE
21,SKIKDA,AIN BOUZIANE
21,SKIKDA,RAMDANE DJAMEL
21,SKIKDA,BENI BACHIR
21,SKIKDA,SALAH BOUCHAOUR
21,SKIKDA,TAMALOUS
21,SKIKDA,AIN KECHRA
21,SKIKDA,OUM TOUB
21,SKIKDA,BEIN EL OUIDEN
21,SKIKDA,FELFELA
21,SKIKDA,CHEREA
21,SKIKDA,KANOUA
21,SKIKDA,EL GHEDIR
21,SKIKDA,BOUCHTATA
21,SKIKDA,OULDJA BOULBALOUT
21,SKIKDA,KHENEG MAAYOUM
21,SKIKDA,HAMADI KROUMA
21,SKIKDA,EL MARSA
22,SIDI BEL ABBES,SIDI BEL ABBES
22,SIDI BEL ABBES,TESSALA
22,SIDI BEL ABBES,SIDI IBRAHIM
22,SIDI BEL ABBES,MOSTEFA BEN BRAHIM
22,SIDI BEL ABBES,TELAGH
22,SIDI BEL ABBES,MEZAOUROU
22,SIDI BEL ABBES,BOUKHNIFIS
22,SIDI BEL ABBES,SIDI ALI BOUSSIDI
22,SIDI BEL ABBES,BADREDINE EL MOKRANI
22,SIDI BEL ABBES,MARHOUM
22,SIDI BEL ABBES,TAFISSOUR
22,SIDI BEL ABBES,AMARNAS
22,SIDI BEL ABBES,TILMOUNI
22,SIDI BEL ABBES,SIDI EL AHCENE
22,SIDI BEL ABBES,AIN THRID
22,SIDI BEL ABBES,MEKADRA
22,SIDI BEL ABBES,TENIRA
22,SIDI BEL ABBES,MOULAY SLISSEN
22,SIDI BEL ABBES,EL HASSAIBA
22,SIDI BEL ABBES,HASSI ZEHANA
22,SIDI BEL ABBES,TABIA
22,SIDI BEL ABBES,MERINE
22,SIDI BEL ABBES,RAS EL MA
22,SIDI BEL ABBES,AIN TINDAMINE
22,SIDI BEL ABBES,AIN KADA
22,SIDI BEL ABBES,M'CID
22,SIDI BEL ABBES,SIDI KHALED
22,SIDI BEL ABBES,AIN EL BERD
22,SIDI BEL ABBES,SFIZEF
22,SIDI BEL ABBES,AIN ADDEN
22,SIDI BEL ABBES,OUED TAOURIRA
22,SIDI BEL ABBES,DHAYA
22,SIDI BEL ABBES,ZEROUALA
22,SIDI BEL ABBES,LAMTAR
22,SIDI BEL ABBES,SIDI CHAIB
22,SIDI BEL ABBES,SIDI DAHOU
22,SIDI BEL ABBES,OUED SBAA
22,SIDI BEL ABBES,BOUDJEBAA EL BORDJ
22,SIDI BEL ABBES,SEHALA THAOURA
22,SIDI BEL ABBES,SIDI YACOUB
22,SIDI BEL ABBES,SIDI HAMADOUCHE
22,SIDI BEL ABBES,BELARBI
22,SIDI BEL ABBES,OUED SEFYOUN
22,SIDI BEL ABBES,TEGHALIMET
22,SIDI BEL ABBES,BEN BADIS
22,SIDI BEL ABBES,SIDI ALI BENYOUB
22,SIDI BEL ABBES,CHETOUANE BELAILA
22,SIDI BEL ABBES,BIR EL HAMMAM
22,SIDI BEL ABBES,TAOUDMOUT
22,SIDI BEL ABBES,REDJM DEMOUCHE
22,SIDI BEL ABBES,BENACHIBA CHELIA
22,SIDI BEL ABBES,HASSI DAHOU
23,ANNABA,ANNABA
23,ANNABA,BERRAHEL
23,ANNABA,EL HADJAR
23,ANNABA,EULMA
23,ANNABA,EL BOUNI
23,ANNABA,OUED EL ANEB
23,ANNABA,CHEURFA
23,ANNABA,SERAIDI
23,ANNABA,AIN BERDA
23,ANNABA,CHETAIBI
23,ANNABA,SIDI AMAR
23,ANNABA,TREAT
24,GUELMA,GUELMA
24,GUELMA,NECHMAYA
24,GUELMA,BOUATI MAHMOUD
24,GUELMA,OUED ZENATI
24,GUELMA,TAMLOUKA
24,GUELMA,OUED FRAGHA
24,GUELMA,AIN SANDEL
24,GUELMA,RAS EL AGBA
24,GUELMA,DAHOUARA
24,GUELMA,BELKHEIR
24,GUELMA,BEN DJARAH
24,GUELMA,BOU HAMDANE
24,GUELMA,AIN MAKHLOUF
24,GUELMA,AIN BEN BEIDA
24,GUELMA,KHEZARA
24,GUELMA,BENI MEZLINE
24,GUELMA,BOU HACHANA
24,GUELMA,GUELAAT BOU SBAA
24,GUELMA,HAMMAM EL DEBAGH
24,GUELMA,EL FEDJOUDJ
24,GUELMA,BORDJ SABAT
24,GUELMA,HAMMAN N'BAIL
24,GUELMA,AIN LAARBI
24,GUELMA,MEDJEZ AMAR
24,GUELMA,BOUCHEGOUF
24,GUELMA,HELIOPOLIS
24,GUELMA,AIN HESSANIA
24,GUELMA,ROKNIA
24,GUELMA,SALAOUA ANNOUNA
24,GUELMA,MEDJEZ SAFA
24,GUELMA,BOUMAHRA AHMED
24,GUELMA,AIN REGGADA
24,GUELMA,OUED CHEHAM
24,GUELMA,DJEBALLA KHEMISSI
25,CONSTANTINE,CONSTANTINE
25,CONSTANTINE,HAMMA BOUZIANE
25,CONSTANTINE,EL HARIA
25,CONSTANTINE,ZIGHOUD YOUCEF
25,CONSTANTINE,DIDOUCHE MOURAD
25,CONSTANTINE,EL KHROUB
25,CONSTANTINE,AIN ABID
25,CONSTANTINE,BENI HAMIDEN
25,CONSTANTINE,OULED RAHMOUNE
25,CONSTANTINE,AIN SMARA
25,CONSTANTINE,MESAOUD BOUDJERIOU
25,CONSTANTINE,IBN ZIAD
26,MEDEA,MEDEA
26,MEDEA,OUZERA
26,MEDEA,OULED MAAREF
26,MEDEA,AIN BOUCIF
26,MEDEA,AISSAOUIA
26,MEDEA,OULED DAID
26,MEDEA,EL OMARIA
26,MEDEA,DERRAG
26,MEDEA,EL GUELB ELKEBIR
26,MEDEA,BOUAICHE
26,MEDEA,MEZRENA
26,MEDEA,OULED BRAHIM
26,MEDEA,TIZI MAHDI
26,MEDEA,SIDI ZIANE
26,MEDEA,TAMESGUIDA
26,MEDEA,EL HAMDANIA
26,MEDEA,KAF LAKHDAR
26,MEDEA,CHELALET EL ATHAOURA 
26,MEDEA,BOUSKEN
26,MEDEA,REBAIA
26,MEDEA,BOUCHRAHIL
26,MEDEA,OULED HELLAL
26,MEDEA,TAFRAOUT
26,MEDEA,BAATA
26,MEDEA,BOGHAR
26,MEDEA,SIDI NAAMANE
26,MEDEA,OULED BOUACHRA
26,MEDEA,SIDI ZAHAR
26,MEDEA,OUED HARBIL
26,MEDEA,BENCHICAO
26,MEDEA,SIDI DAMED
26,MEDEA,AZIZ
26,MEDEA,SOUAGUI
26,MEDEA,ZOUBIRIA
26,MEDEA,KASR EL BOUKHARI
26,MEDEA,EL AZIZIA
26,MEDEA,DJOUAB
26,MEDEA,CHAHBOUNIA
26,MEDEA,MEGHRAOUA
26,MEDEA,CHENIGUEL
26,MEDEA,AIN OUKSIR
26,MEDEA,OUM EL DJALIL
26,MEDEA,OUAMRI
26,MEDEA,SIDI MAHDJOUB
26,MEDEA,TLATET EDDAWAIR
26,MEDEA,BENI SLIMANE
26,MEDEA,BERROUAGHIA
26,MEDEA,SEGHOUANE
26,MEDEA,MEFTAHA
26,MEDEA,MIHOUB
26,MEDEA,BOUGHEZOUL
26,MEDEA,TABLAT
26,MEDEA,DEUX BASSINS
26,MEDEA,DRAA ESSEMAR
26,MEDEA,SIDI ERRABIE
26,MEDEA,BIR BEN LAABED
26,MEDEA,EL AOUINET
26,MEDEA,OULED ANTAR
26,MEDEA,BOUAICHOUNE
26,MEDEA,HANNACHA
26,MEDEA,SEDRAIA
26,MEDEA,MEDJEBAR
26,MEDEA,KHAMS DJOUAMAE
26,MEDEA,SANEG
27,MOSTAGANEM,MOSTAGANEM
27,MOSTAGANEM,SAYADA
27,MOSTAGANEM,FORNAKA
27,MOSTAGANEM,STIDIA
27,MOSTAGANEM,AIN NOUISSI
27,MOSTAGANEM,HASSI MAAMECHE
27,MOSTAGANEM,AIN TADLES
27,MOSTAGANEM,SOUR
27,MOSTAGANEM,OUED EL KHEIR
27,MOSTAGANEM,SIDI BELLATER
27,MOSTAGANEM,KHEIREDDINE
27,MOSTAGANEM,SIDI ALI
27,MOSTAGANEM,ABDELMALEK RAMDANE
27,MOSTAGANEM,EL HADJADJ
27,MOSTAGANEM,NEKMARIA
27,MOSTAGANEM,SIDI LAKHDAR
27,MOSTAGANEM,ACHAACHA
27,MOSTAGANEM,KHADRA
27,MOSTAGANEM,BOUGUIRAT
27,MOSTAGANEM,SIRAT
27,MOSTAGANEM,AIN SIDI CHERIF
27,MOSTAGANEM,MESRA
27,MOSTAGANEM,MANSOURAH
27,MOSTAGANEM,SOUAFLIA
27,MOSTAGANEM,OULED BOUGHALEM
27,MOSTAGANEM,OULED MAALLAH
27,MOSTAGANEM,MEZGHRANE
27,MOSTAGANEM,AIN BOUDINAR
27,MOSTAGANEM,TAZGAIT
27,MOSTAGANEM,SAFSAF
27,MOSTAGANEM,TOUAHRIA
27,MOSTAGANEM,EL HASSIANE
28,M'SILA,M'SILA
28,M'SILA,MAADID
28,M'SILA,HAMMAM DHALAA
28,M'SILA,OULED DERRADJ
28,M'SILA,TARMOUNT
28,M'SILA,METARFA
28,M'SILA,KHOUBANA
28,M'SILA,M'CIF
28,M'SILA,CHELLAL
28,M'SILA,OULED MADHI
28,M'SILA,MAGRA
28,M'SILA,BERHOUM
28,M'SILA,AIN KHADRA
28,M'SILA,OULED ADDI GUEBALA
28,M'SILA,BELAIBA
28,M'SILA,SIDI AISSA
28,M'SILA,AIN EL HADJEL
28,M'SILA,SIDI HADJERES
28,M'SILA,OUANOUGHA
28,M'SILA,BOU SAADA
28,M'SILA,OULED SIDI IBRAHIM
28,M'SILA,SIDI AMEUR
28,M'SILA,TAMSA
28,M'SILA,BEN SROUR
28,M'SILA,OULED SLIMANE
28,M'SILA,EL HOUAMED
28,M'SILA,EL HAMEL
28,M'SILA,OULED MANSOUR
28,M'SILA,MAARIF
28,M'SILA,DEHAHNA
28,M'SILA,BOUTI SAYAH
28,M'SILA,KHETTOUTI SED-EL DJIR
28,M'SILA,ZARZOUR
28,M'SILA,OUED CHAIR
28,M'SILA,BENZOUH
28,M'SILA,BIR FODA
28,M'SILA,AIN FARES
28,M'SILA,SIDI M'HAMED
28,M'SILA,OULED ATIA
28,M'SILA,SOUAMAA
28,M'SILA,AIN EL MELH
28,M'SILA,MEDJEDEL
28,M'SILA,SLIM
28,M'SILA,AIN ERRICH
28,M'SILA,BENI ILMANE
28,M'SILA,OULTENE
28,M'SILA,DJEBEL MESSAAD
29,MASCARA,MASCARA
29,MASCARA,BOU HANIFIA
29,MASCARA,TIZI
29,MASCARA,HACINE
29,MASCARA,MAOUSSA
29,MASCARA,TIGHENNIF
29,MASCARA,EL HACHEM
29,MASCARA,SIDI KADA
29,MASCARA,ZELAMTA
29,MASCARA,OUED EL ABTAL
29,MASCARA,AIN FERAH
29,MASCARA,GHRISS
29,MASCARA,FROHA
29,MASCARA,MATMORE
29,MASCARA,MAKHDHA
29,MASCARA,SIDI BOUSSAID
29,MASCARA,EL BORDJ
29,MASCARA,AIN FEKAN
29,MASCARA,BENIAN
29,MASCARA,KHALOUIA
29,MASCARA,EL MENAOUER
29,MASCARA,OUED TARIA
29,MASCARA,AOUF
29,MASCARA,AIN FARES
29,MASCARA,AIN FRASS
29,MASCARA,SIG
29,MASCARA,OGGAZ
29,MASCARA,ALAIMIA
29,MASCARA,EL GAADA
29,MASCARA,ZAHANA
29,MASCARA,MOHAMMADIA
29,MASCARA,SIDI ABDELMOUMENE
29,MASCARA,FERRAGUIG
29,MASCARA,EL GHOMRI
29,MASCARA,SEDJERARA
29,MASCARA,MOCTAADOUZ
29,MASCARA,BOU HENNI
29,MASCARA,GUETTENA
29,MASCARA,EL MAMOUNIA
29,MASCARA,EL KEURT
29,MASCARA,GHARROUS
29,MASCARA,GHERDJOUM
29,MASCARA,CHORFA
29,MASCARA,RAS AIN AMIROUCHE
29,MASCARA,NESMOT
29,MASCARA,SIDI ABDELDJEBAR
29,MASCARA,SEHAILIA
30,OUARGLA,OUARGLA
30,OUARGLA,AIN BEIDA
30,OUARGLA,N'GOUSSA
30,OUARGLA,HASSI MESSAOUD
30,OUARGLA,ROUISSAT
30,OUARGLA,BELIDAT AMEUR
30,OUARGLA,TABESBEST
30,OUARGLA,NEZLA
30,OUARGLA,ZAOUIA EL ABIDIA
30,OUARGLA,SIDI SLIMANE
30,OUARGLA,SIDI KHOUILED
30,OUARGLA,HASSI BEN ABDELLAH
30,OUARGLA,TOUGGOURT
30,OUARGLA,EL HADJIRA
30,OUARGLA,TAIBET
30,OUARGLA,TAMACINE
30,OUARGLA,BENACEUR
30,OUARGLA,M'NAGUER
30,OUARGLA,MEGARINE
30,OUARGLA,EL ALLIA
30,OUARGLA,EL BORMA
31,ORAN,ORAN
31,ORAN,GDYEL
31,ORAN,BIR EL DJIR
31,ORAN,HASSI BOUNIF
31,ORAN,ES SENIA
31,ORAN,ARZEW
31,ORAN,BETHIOUA
31,ORAN,MARSAT EL HADJADJ
31,ORAN,AIN TURK
31,ORAN,EL ANCER 
31,ORAN,OUED TLELAT
31,ORAN,TAFRAOUI
31,ORAN,SIDI CHAMI
31,ORAN,BOUFATIS
31,ORAN,MERS EL KEBIR
31,ORAN,BOUSFER
31,ORAN,EL KARMA
31,ORAN,EL BRAYA
31,ORAN,HASSI BEN OKBA
31,ORAN,BEN FREHA
31,ORAN,HASSI MEFSOUKH
31,ORAN,SIDI BEN YABKA
31,ORAN,MESSERGHIN
31,ORAN,BOUTLELIS
31,ORAN,AIN KERMA
31,ORAN,AIN BIYA
32,EL BAYADH,EL BAYADH
32,EL BAYADH,ROGASSA
32,EL BAYADH,STITTEN
32,EL BAYADH,BREZINA
32,EL BAYADH,GHASSOUL
32,EL BAYADH,BOUALEM
32,EL BAYADH,EL ABIODH S CHEIKH
32,EL BAYADH,AIN EL ORAK
32,EL BAYADH,ARBAOUAT
32,EL BAYADH,BOUGTOUB
32,EL BAYADH,EL KHEITHER
32,EL BAYADH,KEHF EL AHMAR
32,EL BAYADH,BOUSSEMGHOUN
32,EL BAYADH,CHELLALA
32,EL BAYADH,KRAKDA
32,EL BAYADH,EL BNOUD
32,EL BAYADH,CHEGUIG
32,EL BAYADH,SIDI AMEUR
32,EL BAYADH,EL MEHARA
32,EL BAYADH,TOUSMOULINE
32,EL BAYADH,SIDI SLIMANE
32,EL BAYADH,SIDI TIFOUR
33,ILLIZI,ILLIZI
33,ILLIZI,DJANET
33,ILLIZI,DEBDEB
33,ILLIZI,BORDJ OMAR DRISS
33,ILLIZI,BORDJ EL HAOUASSE
33,ILLIZI,IN AMENAS
34,BORDJ BOU ARRERIDJ,BORDJ BOU ARRERIDJ
34,BORDJ BOU ARRERIDJ,RAS EL OUED
34,BORDJ BOU ARRERIDJ,BORDJ ZEMOURA
34,BORDJ BOU ARRERIDJ,EL MANSOURAH
34,BORDJ BOU ARRERIDJ,EL M'HIR
34,BORDJ BOU ARRERIDJ,BEN DAOUD
34,BORDJ BOU ARRERIDJ,EL ACHIR
34,BORDJ BOU ARRERIDJ,AIN TAGHROUT
34,BORDJ BOU ARRERIDJ,BORDJ GHDIR
34,BORDJ BOU ARRERIDJ,SIDI EMBAREK
34,BORDJ BOU ARRERIDJ,EL HAMADIA
34,BORDJ BOU ARRERIDJ,BELIMOUR
34,BORDJ BOU ARRERIDJ,MEDJANA
34,BORDJ BOU ARRERIDJ,THENYET EN NASR
34,BORDJ BOU ARRERIDJ,DJAAFRA
34,BORDJ BOU ARRERIDJ,EL MAIN
34,BORDJ BOU ARRERIDJ,OULED BRAHEM
34,BORDJ BOU ARRERIDJ,OULED DAHMANE
34,BORDJ BOU ARRERIDJ,HASNAOUA
34,BORDJ BOU ARRERIDJ,KHELIL
34,BORDJ BOU ARRERIDJ,TAGLAIT
34,BORDJ BOU ARRERIDJ,EL KSOUR
34,BORDJ BOU ARRERIDJ,OULED SIDI BRAHIM
34,BORDJ BOU ARRERIDJ,TAFREG
34,BORDJ BOU ARRERIDJ,COLLA
34,BORDJ BOU ARRERIDJ,TIXTER
34,BORDJ BOU ARRERIDJ,EL EUCH
34,BORDJ BOU ARRERIDJ,EL  ANCER
34,BORDJ BOU ARRERIDJ,TESMART
34,BORDJ BOU ARRERIDJ,AIN TESRA
34,BORDJ BOU ARRERIDJ,BIR KASDALI
34,BORDJ BOU ARRERIDJ,GHILASSA
34,BORDJ BOU ARRERIDJ,RABTA
34,BORDJ BOU ARRERIDJ,HARAZA
35,BOUMERDES,BOUMERDES
35,BOUMERDES,BOUDOUAOU
35,BOUMERDES,AFIR
35,BOUMERDES,BORDJ MENAIEL
35,BOUMERDES,BAGHLIA
35,BOUMERDES,SIDI DAOUD
35,BOUMERDES,NACIRIA
35,BOUMERDES,DJINET
35,BOUMERDES,ISSER
35,BOUMERDES,ZEMMOURI
35,BOUMERDES,SI MUSTAPHA
35,BOUMERDES,TIDJELABINE
35,BOUMERDES,CHAABET EL AMEUR
35,BOUMERDES,THENIA
35,BOUMERDES,TIMEZRIT
35,BOUMERDES,CORSO
35,BOUMERDES,OULED MOUSSA
35,BOUMERDES,LARBATACHE
35,BOUMERDES,BOUZEGZA KEDDARA
35,BOUMERDES,TAOURGA
35,BOUMERDES,OULED AISSA
35,BOUMERDES,BEN CHOUD
35,BOUMERDES,DELLYS
35,BOUMERDES,AMMAL
35,BOUMERDES,BENI AMRANE
35,BOUMERDES,SOUK EL HAD
35,BOUMERDES,BOUDOUAOU EL BAHRI
35,BOUMERDES,OULED HEDADJ
35,BOUMERDES,LAGHATA
35,BOUMERDES,HAMMADI
35,BOUMERDES,KHEMIS EL KHECHNA
35,BOUMERDES,EL KHARROUBA
36,EL TARF,EL TARF
36,EL TARF,BOUHADJAR
36,EL TARF,BEN M'HIDI
36,EL TARF,BOUGOUS
36,EL TARF,EL KALA
36,EL TARF,AIN EL ASSEL
36,EL TARF,EL AIOUN
36,EL TARF,BOUTELDJA
36,EL TARF,SOUAREKH
36,EL TARF,BERRIHANE
36,EL TARF,BHEIRET EL ASSAFIR
36,EL TARF,CHAFIA
36,EL TARF,DHEREAN
36,EL TARF,CHIHANI
36,EL TARF,CHEBAITA MOKHTAR
36,EL TARF,BESBAS
36,EL TARF,EL ASFOUR
36,EL TARF,ECHATT
36,EL TARF,ZERIZER
36,EL TARF,ZITOUNA
36,EL TARF,AIN KERMA
36,EL TARF,OUED ZITOUN
36,EL TARF,HAMMAM BENI SALAH
36,EL TARF,RAML SOUK
37,TINDOUF,TINDOUF
37,TINDOUF,OUM EL ASSEL
38,TISSEMSILT,TISSEMSILT
38,TISSEMSILT,BORDJ BOU NAAMA
38,TISSEMSILT,THENIET EL HAD
38,TISSEMSILT,LAZHARIA
38,TISSEMSILT,BENI CHAIB
38,TISSEMSILT,LARDJEM
38,TISSEMSILT,MELAAB
38,TISSEMSILT,SIDI LAANTRI
38,TISSEMSILT,BORDJ EL EMIR ABDELKADER
38,TISSEMSILT,LAYOUNE
38,TISSEMSILT,KHEMISTI
38,TISSEMSILT,OULED BESSEM
38,TISSEMSILT,AMMARI
38,TISSEMSILT,YOUSSOUFIA
38,TISSEMSILT,SIDI BOUTOUCHENT
38,TISSEMSILT,LARBAA
38,TISSEMSILT,MAASEM
38,TISSEMSILT,SIDI ABED
38,TISSEMSILT,TAMALAHT
38,TISSEMSILT,SIDI SLIMANE
38,TISSEMSILT,BOUCAID
38,TISSEMSILT,BENI LAHCENE
39,EL OUED,EL OUED
39,EL OUED,ROBBAH
39,EL OUED,OUED EL ALENDA
39,EL OUED,BAYADHA
39,EL OUED,NAKHLA
39,EL OUED,GUEMAR
39,EL OUED,KOUININE
39,EL OUED,REGUIBA
39,EL OUED,HAMRAIA
39,EL OUED,TAGHZOUT
39,EL OUED,DEBILA
39,EL OUED,HASSANI ABDELKRIM
39,EL OUED,HASSI KHELIFA
39,EL OUED,TALEB LARBI
39,EL OUED,DOUAR EL MA
39,EL OUED,SIDI AOUN
39,EL OUED,TRIFAOUI
39,EL OUED,MAGRANE
39,EL OUED,BENI GUECHA
39,EL OUED,OURMAS
39,EL OUED,STILL
39,EL OUED,M'RARA
39,EL OUED,SIDI KHELLIL
39,EL OUED,TENDLA
39,EL OUED,EL OGLA
39,EL OUED,MIH OUANSA
39,EL OUED,EL M'GHAIR
39,EL OUED,DJAMAA
39,EL OUED,OUM TOUYOUR
39,EL OUED,SIDI AMRANE
40,KHENCHELA,KHENCHELA
40,KHENCHELA,M'TOUSSA
40,KHENCHELA,KAIS
40,KHENCHELA,BAGHAI
40,KHENCHELA,EL HAMMA
40,KHENCHELA,AIN TOUILA
40,KHENCHELA,TAOUZINT
40,KHENCHELA,BOUHMAMA
40,KHENCHELA,EL OUELDJA
40,KHENCHELA,REMILA
40,KHENCHELA,CHERCHAR
40,KHENCHELA,DJELLAL
40,KHENCHELA,BABAR
40,KHENCHELA,TAMZA
40,KHENCHELA,ENSIGHA
40,KHENCHELA,OULED RECHACHE
40,KHENCHELA,EL MAHMAL
40,KHENCHELA,M'SARA
40,KHENCHELA,YABOUS
40,KHENCHELA,KHIRANE
40,KHENCHELA,CHELIA
41,SOUK AHRAS,SOUK AHRAS
41,SOUK AHRAS,SEDRATA
41,SOUK AHRAS,HANANCHA
41,SOUK AHRAS,MECHROHA
41,SOUK AHRAS,OULED DRISS
41,SOUK AHRAS,TIFFECH
41,SOUK AHRAS,ZAAROURIA
41,SOUK AHRAS,TAOURA
41,SOUK AHRAS,DREA
41,SOUK AHRAS,HADDADA
41,SOUK AHRAS,KHEDARA
41,SOUK AHRAS,MERAHNA
41,SOUK AHRAS,OULED MOUMEN
41,SOUK AHRAS,BIR BOUHOUCHE
41,SOUK AHRAS,M'DAOUROUCHE
41,SOUK AHRAS,OUM EL ADHAIM
41,SOUK AHRAS,AIN ZANA
41,SOUK AHRAS,AIN SOLTANE
41,SOUK AHRAS,QUILLEN
41,SOUK AHRAS,SIDI FREDJ
41,SOUK AHRAS,SAFEL EL OUIDEN
41,SOUK AHRAS,RAGOUBA
41,SOUK AHRAS,KHEMISSA
41,SOUK AHRAS,OUED KEBERIT
41,SOUK AHRAS,TERRAGUELT
41,SOUK AHRAS,ZOUABI
42,TIPAZA,TIPAZA
42,TIPAZA,MENACEUR
42,TIPAZA,LARHAT
42,TIPAZA,DOUAOUDA
42,TIPAZA,BOURKIKA
42,TIPAZA,KHEMISTI
42,TIPAZA,AGHABAL
42,TIPAZA,HADJOUT
42,TIPAZA,SIDI AMAR 
42,TIPAZA,GOURAYA
42,TIPAZA,NADOR
42,TIPAZA,CHAIBA
42,TIPAZA,AIN TAGOURAIT
42,TIPAZA,CHERCHEL
42,TIPAZA,DAMOUS
42,TIPAZA,MEURAD
42,TIPAZA,FOUKA
42,TIPAZA,BOU ISMAIL
42,TIPAZA,AHMER EL AIN
42,TIPAZA,BOU HAROUN
42,TIPAZA,SIDI GHILES
42,TIPAZA,MESSELMOUN
42,TIPAZA,SIDI RACHED
42,TIPAZA,KOLEA
42,TIPAZA,ATTATBA
42,TIPAZA,SIDI SEMIANE
42,TIPAZA,BENI MELLEK
42,TIPAZA,HADJERAT ENNOUS
43,MILA,MILA
43,MILA,FERDJIOUA
43,MILA,CHELGHOUM LAID
43,MILA,OUED EL ATHMENIA
43,MILA,AIN MELLOUK
43,MILA,TELERGHMA
43,MILA,OUED SEGUEN
43,MILA,TADJENANET
43,MILA,BENYAHIA A RAHMANE
43,MILA,OUED ENDJA
43,MILA,AHMED RACHEDI
43,MILA,OULED KHALOUF
43,MILA,TIBERGUENT
43,MILA,BOUHATEM
43,MILA,ROUACHED
43,MILA,TESSALA LAMATAI
43,MILA,GRAREM GOUGA
43,MILA,SIDI MEROUANE
43,MILA,TASSAADANE HADDADA
43,MILA,DERRADJI BOUSSELAH
43,MILA,MINAR ZARZA
43,MILA,AMIRA ARRAS
43,MILA,TERRAI BAINEM
43,MILA,HAMALA
43,MILA,AIN TIN
43,MILA,EL MECHIRA
43,MILA,SIDI KHELIFA
43,MILA,ZEGHAIA
43,MILA,ELAYADI BERBAS
43,MILA,AIN BEIDA HARRICHE
43,MILA,YAHIA BENIGUECHA
43,MILA,CHIGARA
44,AIN DEFLA,AIN DEFLA
44,AIN DEFLA,MILIANA
44,AIN DEFLA,BOUMEDFAA
44,AIN DEFLA,KHEMIS MILIANA
44,AIN DEFLA,HAMMAM RIGHA
44,AIN DEFLA,ARIB
44,AIN DEFLA,DJELIDA
44,AIN DEFLA,EL AMRA
44,AIN DEFLA,BOURACHED
44,AIN DEFLA,EL ATTAF
44,AIN DEFLA,EL ABADIA
44,AIN DEFLA,DJENDEL
44,AIN DEFLA,OUED CHORFA
44,AIN DEFLA,AIN LECHIAKH
44,AIN DEFLA,OUED DJEMAA
44,AIN DEFLA,ROUINA
44,AIN DEFLA,ZEDDINE
44,AIN DEFLA,EL HASSANIA
44,AIN DEFLA,BIR OULD KHELIFA
44,AIN DEFLA,AIN SOLTANE
44,AIN DEFLA,TARIK IBN ZIAD
44,AIN DEFLA,BORDJ EMIR KHALED
44,AIN DEFLA,AIN TORKI
44,AIN DEFLA,SIDI LAKHDAR
44,AIN DEFLA,BEN ALLAL
44,AIN DEFLA,AIN BENIAN
44,AIN DEFLA,HOCEINIA
44,AIN DEFLA,BARBOUCHE
44,AIN DEFLA,DJEMAA OULED CHIKH
44,AIN DEFLA,MEKHATRIA
44,AIN DEFLA,BATHIA
44,AIN DEFLA,TACHTA ZEGAGHA
44,AIN DEFLA,AIN BOUYAHIA
44,AIN DEFLA,EL MAINE
44,AIN DEFLA,TIBERKANINE
44,AIN DEFLA,BELAAS
45,NAAMA,NAAMA
45,NAAMA,MECHRIA
45,NAAMA,AIN SEFRA
45,NAAMA,TIOUT
45,NAAMA,SFISSIFA
45,NAAMA,MOGHRAR
45,NAAMA,ASSELA
45,NAAMA,DJENAINE BOURZEG
45,NAAMA,AIN BEN KHELIL
45,NAAMA,MAKMAN BEN AMER
45,NAAMA,KASDIR
45,NAAMA,LABIODH SIDI CHEIKH
46,AIN TEMOUCHENT,AIN TEMOUCHENT
46,AIN TEMOUCHENT,CHAABET EL HAM
46,AIN TEMOUCHENT,AIN KIHAL
46,AIN TEMOUCHENT,HAMMAM BOUHDJAR
46,AIN TEMOUCHENT,BOU ZEDJAR
46,AIN TEMOUCHENT,OUED BERKECHE
46,AIN TEMOUCHENT,AGHLAL
46,AIN TEMOUCHENT,TERGA
46,AIN TEMOUCHENT,AIN EL ARBAA
46,AIN TEMOUCHENT,TAMZOURA
46,AIN TEMOUCHENT,CHENTOUF
46,AIN TEMOUCHENT,SIDI BEN ADDA
46,AIN TEMOUCHENT,AOUBELLIL
46,AIN TEMOUCHENT,EL MALEH
46,AIN TEMOUCHENT,SIDI BOUMEDIENE
46,AIN TEMOUCHENT,OUED SABAH
46,AIN TEMOUCHENT,OULED BOUDJEMAA
46,AIN TEMOUCHENT,AIN TOLBA
46,AIN TEMOUCHENT,EL AMRIA
46,AIN TEMOUCHENT,HASSI EL GHELLA
46,AIN TEMOUCHENT,HASSASNA
46,AIN TEMOUCHENT,OULED KIHAL
46,AIN TEMOUCHENT,BENI SAF
46,AIN TEMOUCHENT,SIDI SAFI
46,AIN TEMOUCHENT,OULHACA EL GHERABA
46,AIN TEMOUCHENT,TADMAYA
46,AIN TEMOUCHENT,EL EMIR ABDELKADER
46,AIN TEMOUCHENT,EL MESSAID
46,AIN TEMOUCHENT,EL OULDJA
47,GHARDAIA,GHARDAIA
47,GHARDAIA,EL MENIAA
47,GHARDAIA,DHAAYET BENDHAHOUA
47,GHARDAIA,BERRIANE
47,GHARDAIA,METLILI
47,GHARDAIA,EL GUERRARA
47,GHARDAIA,EL ATTEUF
47,GHARDAIA,ZELFANA
47,GHARDAIA,SEBSEB
47,GHARDAIA,BOUNOURA
47,GHARDAIA,HASSI FEHAL
47,GHARDAIA,HASSI GARA
47,GHARDAIA,MANSOURA
48,RELIZANE,RELIZANE
48,RELIZANE,OUED RHIOU
48,RELIZANE,BELAASSEL BOUZEGZA
48,RELIZANE,SIDI SAADA
48,RELIZANE,OULED AICHE
48,RELIZANE,SIDI LAZREG
48,RELIZANE,EL HAMADNA
48,RELIZANE,SIDI MHAMED BENALI
48,RELIZANE,MEDIOUNA
48,RELIZANE,SIDI KHETTAB
48,RELIZANE,AMMI MOUSSA
48,RELIZANE,ZEMMOURA
48,RELIZANE,BENI DERGOUN
48,RELIZANE,DJIDIOUIA
48,RELIZANE,EL GUETTAR
48,RELIZANE,HAMRI
48,RELIZANE,EL MATMAR
48,RELIZANE,SIDI M  BEN AOUDA
48,RELIZANE,AIN TAREK
48,RELIZANE,OUED ESSALEM
48,RELIZANE,OUARIZANE
48,RELIZANE,MAZOUNA
48,RELIZANE,KALAA
48,RELIZANE,AIN RAHMA
48,RELIZANE,YELLEL
48,RELIZANE,OUED EL DJEMAA
48,RELIZANE,RAMKA
48,RELIZANE,MENDES
48,RELIZANE,LAHLEF
48,RELIZANE,BENI ZENTIS
48,RELIZANE,SOUK EL HAAD
48,RELIZANE,DAR BEN ABDELLAH
48,RELIZANE,EL HASSI
48,RELIZANE,HAD ECHKALLA
48,RELIZANE,BENDAOUD
48,RELIZANE,EL OULDJA
48,RELIZANE,MERDJA SIDI ABED
48,RELIZANE,OULED SIDI MIHOUB